Product,Rating,Author,Date,Verified,Review_Title,Review_Text
Stanley Quencher H2.0 FlowState Tumbler (40 oz),5,Ashley M.,20-Nov,2024,Yes,I drink SO much more water nowWent from barely 2 bottles a day to 120+ oz. The straw makes it effortless.
Stanley Quencher H2.0 FlowState Tumbler (40 oz),5,Kelly R.,10-Dec,2024,Yes,Ice after 36 hours — unrealLeft it in my hot car all day in Texas summer — still had ice the next morning.
Stanley Quencher H2.0 FlowState Tumbler (40 oz),5,Madison L.,15-Oct,2024,Yes,Worth the hype 100%Yes it's expensive but I use it every single day. Best purchase of 2024.
Stanley Quencher H2.0 FlowState Tumbler (40 oz),4,Brittany S.,5-Nov,2024,Yes,Heavy but amazingIt’s a brick when full  but keeps drinks ice cold for 2 days straight.
Stanley Quencher H2.0 FlowState Tumbler (40 oz),5,Taylor W.,18-Dec,2024,Yes,Everyone at work wants one nowBrought it to the office — now 6 coworkers have them. Cult status achieved.
Stanley Quencher H2.0 FlowState Tumbler (40 oz),5,Jessica H.,22-Sep,2024,Yes,Fits in cup holder perfectlyFinally a 40oz that actually fits in my car cup holder!
Stanley Quencher H2.0 FlowState Tumbler (40 oz),5,Lauren B.,30-Nov,2024,Yes,The Cream color is stunningGot the limited Cream gloss — looks even better in person.
Stanley Quencher H2.0 FlowState Tumbler (40 oz),5,Emily D.,8-Oct,2024,Yes,No more sweaty cupsZero condensation — my desk stays dry even in humid Florida.
Stanley Quencher H2.0 FlowState Tumbler (40 oz),4,Morgan T.,5-Dec,2024,Yes,Wish it was leak-proofGreat until you knock it over — then it’s a lake. Bought the ProTour lid and problem solved.
Stanley Quencher H2.0 FlowState Tumbler (40 oz),5,Hannah G.,12-Nov,2024,Yes,My emotional support water bottleI panic if I forget it at home. Hydration queen status unlocked.
Stanley Quencher H2.0 FlowState Tumbler (40 oz),5,Natalie P.,20-Oct,2024,Yes,Perfect gym companionFits in Peloton cup holder and keeps water cold through 2-hour workouts.
Stanley Quencher H2.0 FlowState Tumbler (40 oz),5,Chloe S.,22-Dec,2024,Yes,Christmas gift winnerBought 4 for my sisters — biggest hit under the tree.
Stanley Quencher H2.0 FlowState Tumbler (40 oz),5,Brooke A.,18-Nov,2024,Yes,The handle is geniusCan carry it with one finger even when full.
Stanley Quencher H2.0 FlowState Tumbler (40 oz),5,Mackenzie F.,30-Sep,2024,Yes,No more plastic tasteWater actually tastes better than from plastic bottles.
Stanley Quencher H2.0 FlowState Tumbler (40 oz),5,Paige C.,1-Dec,2024,Yes,Survived being run overDropped from my truck — dented but still works perfectly.
Stanley Quencher H2.0 FlowState Tumbler (40 oz),5,Savannah K.,25-Oct,2024,Yes,Best nursing mom purchaseKeeps water ice cold all night for midnight feeds.
Stanley Quencher H2.0 FlowState Tumbler (40 oz),5,Allison M.,8-Nov,2024,Yes,My husband stole itBought for myself — now he uses it more than me. Ordering a second.
Stanley Quencher H2.0 FlowState Tumbler (40 oz),4,Victoria L.,12-Dec,2024,Yes,Too big for some cup holdersDoesn’t fit in my Mini Cooper — but I make it work because it’s that good.
Stanley Quencher H2.0 FlowState Tumbler (40 oz),5,Grace T.,18-Oct,2024,Yes,Dishwasher safe = life saverTop rack safe and comes out sparkling every time.
Stanley Quencher H2.0 FlowState Tumbler (40 oz),5,Addison R.,28-Nov,2024,Yes,Black Friday scoreGot the limited Frost color for $35 — felt like I robbed them.